7.9_raw.csv_filtered_by_correlation15_SNR20_all_replacement_strategy_1,2022-11-26 23:05:48.265029
7.9_raw.csv_filtered_by_correlation15_SNR20_individual_replacement_strategy_1,2022-11-26 23:05:48.314918
7.6_raw.csv_filtered_by_correlation15_SNR20_all_replacement_strategy_1,2022-11-26 23:05:48.384736
7.6_raw.csv_filtered_by_correlation15_SNR20_individual_replacement_strategy_1,2022-11-26 23:05:48.446432
7.2_raw.csv_filtered_by_correlation15_SNR20_all_replacement_strategy_1,2022-11-26 23:05:48.520265
7.2_raw.csv_filtered_by_correlation15_SNR20_individual_replacement_strategy_1,2022-11-26 23:05:48.572108
Complete Duration,0:00:59.175967
Complete Duration,0:00:00.244728
7.9_raw.csv_filtered_by_correlation0.0_SNR0.0_all_replacement_strategy_0.0,2022-11-30 18:55:39.418243
7.9_raw.csv_filtered_by_correlation0.0_SNR0.0_individual_replacement_strategy_0.0,2022-11-30 18:55:39.646964
7.6_raw.csv_filtered_by_correlation0.0_SNR0.0_all_replacement_strategy_0.0,2022-11-30 18:55:39.921201
7.6_raw.csv_filtered_by_correlation0.0_SNR0.0_individual_replacement_strategy_0.0,2022-11-30 18:55:40.147597
7.2_raw.csv_filtered_by_correlation0.0_SNR0.0_all_replacement_strategy_0.0,2022-11-30 18:55:40.420003
7.2_raw.csv_filtered_by_correlation0.0_SNR0.0_individual_replacement_strategy_0.0,2022-11-30 18:55:40.669937
Complete Duration,0:00:01.711638
7.9_raw.csv_filtered_by_correlation5.0_SNR1.0_all_replacement_strategy_0.0,2022-11-30 18:56:16.629180
7.9_raw.csv_filtered_by_correlation5.0_SNR1.0_individual_replacement_strategy_0.0,2022-11-30 18:56:16.943290
7.6_raw.csv_filtered_by_correlation5.0_SNR1.0_all_replacement_strategy_0.0,2022-11-30 18:56:17.287192
7.6_raw.csv_filtered_by_correlation5.0_SNR1.0_individual_replacement_strategy_0.0,2022-11-30 18:56:17.538574
7.2_raw.csv_filtered_by_correlation5.0_SNR1.0_all_replacement_strategy_0.0,2022-11-30 18:56:17.843185
7.2_raw.csv_filtered_by_correlation5.0_SNR1.0_individual_replacement_strategy_0.0,2022-11-30 18:56:18.219780
Complete Duration,0:00:02.043580
7.9_raw.csv_filtered_by_correlation5.0_SNR1.0_all_replacement_strategy_3.0,2022-11-30 18:56:26.313773
7.9_raw.csv_filtered_by_correlation5.0_SNR1.0_individual_replacement_strategy_3.0,2022-11-30 18:56:26.546148
7.6_raw.csv_filtered_by_correlation5.0_SNR1.0_all_replacement_strategy_3.0,2022-11-30 18:56:26.822040
7.6_raw.csv_filtered_by_correlation5.0_SNR1.0_individual_replacement_strategy_3.0,2022-11-30 18:56:27.054533
7.2_raw.csv_filtered_by_correlation5.0_SNR1.0_all_replacement_strategy_3.0,2022-11-30 18:56:27.327805
7.2_raw.csv_filtered_by_correlation5.0_SNR1.0_individual_replacement_strategy_3.0,2022-11-30 18:56:27.576136
Complete Duration,0:00:01.714417
7.9_raw.csv_filtered_by_correlation5.0_SNR1.0_all_replacement_strategy_3.0,2022-11-30 18:58:55.103429
7.9_raw.csv_filtered_by_correlation5.0_SNR1.0_individual_replacement_strategy_3.0,2022-11-30 18:58:55.275970
7.6_raw.csv_filtered_by_correlation5.0_SNR1.0_all_replacement_strategy_3.0,2022-11-30 18:58:55.512335
7.6_raw.csv_filtered_by_correlation5.0_SNR1.0_individual_replacement_strategy_3.0,2022-11-30 18:58:55.674933
7.2_raw.csv_filtered_by_correlation5.0_SNR1.0_all_replacement_strategy_3.0,2022-11-30 18:58:55.840458
7.2_raw.csv_filtered_by_correlation5.0_SNR1.0_individual_replacement_strategy_3.0,2022-11-30 18:58:55.985541
Complete Duration,0:00:01.437093
Complete Duration,0:00:00.296368
Complete Duration,0:00:00.288237
Complete Duration,0:00:00.307141
Complete Duration,0:00:00.170255
7.9_raw.csv_filtered_by_correlation15_SNR20_all_replacement_strategy_1,2022-12-01 11:52:45.338337
7.9_raw.csv_filtered_by_correlation15_SNR20_individual_replacement_strategy_1,2022-12-01 11:52:45.643127
7.6_raw.csv_filtered_by_correlation15_SNR20_all_replacement_strategy_1,2022-12-01 11:52:46.021799
7.6_raw.csv_filtered_by_correlation15_SNR20_individual_replacement_strategy_1,2022-12-01 11:52:46.317702
7.2_raw.csv_filtered_by_correlation15_SNR20_all_replacement_strategy_1,2022-12-01 11:52:46.711097
7.2_raw.csv_filtered_by_correlation15_SNR20_individual_replacement_strategy_1,2022-12-01 11:52:46.997388
Complete Duration,0:00:02.240086
7.9_raw.csv_filtered_by_correlation15_SNR19_all_replacement_strategy_1,2022-12-01 12:00:30.361745
7.9_raw.csv_filtered_by_correlation15_SNR19_individual_replacement_strategy_1,2022-12-01 12:00:30.637686
7.6_raw.csv_filtered_by_correlation15_SNR19_all_replacement_strategy_1,2022-12-01 12:00:31.048647
7.6_raw.csv_filtered_by_correlation15_SNR19_individual_replacement_strategy_1,2022-12-01 12:00:31.330939
7.2_raw.csv_filtered_by_correlation15_SNR19_all_replacement_strategy_1,2022-12-01 12:00:31.756487
7.2_raw.csv_filtered_by_correlation15_SNR19_individual_replacement_strategy_1,2022-12-01 12:00:32.030976
Complete Duration,0:00:02.140236
